Nombre Completo,Correo,Matricula,Grado,Grupo
AQUINO BALTAZAR ALONDRA,alondra.20037669@imm.edu.mx,20037669,1,A
CAMPUZANO SANCHEZ AMELIE,amelie.20073714@imm.edu.mx,20073714,1,A
DIEGO HERNANDEZ JOCELYN ANAYELI,jocelyn.20064564@imm.edu.mx,20064564,1,A
DUECKER HERNANDEZ LUIS RACIEL,luisraciel.20028189@imm.edu.mx,20028189,1,A
FRAGOSO BARRALES RENATA,renata.20157384@imm.edu.mx,20157384,1,A
FUENTES ZAVALETA MATEO ISAI,mateoisai.20030649@imm.edu.mx,20030649,1,A
GONZALEZ SANTOS AMELIA MATHILDE,amelia.20028858@imm.edu.mx,20028858,1,A
LOPEZ HERNANDEZ NATALIA,natalia.20073086@imm.edu.mx,20073086,1,A
MARTINEZ FLORES TAMARA,tamara.20122172@imm.edu.mx,20122172,1,A
MERINO SOLIS IKER EDUARDO,ikereduardo.20034195@imm.edu.mx,20034195,1,A
MIGUEL RAMIREZ MYA AMERICA VENECIA,americavenecia.20031415@imm.edu.mx,20031415,1,A
ORTEGA ESCOBEDO SAUL,saul.20033098@imm.edu.mx,20033098,1,A
PEREZ PLATERO KRISTEL,kristel.20139044@imm.edu.mx,20139044,1,A
ROCHA GONZALEZ SANTIAGO,santiago.20031365@imm.edu.mx,20031365,1,A
ROSS KOMUKAI CHRISTOPHER ICHIRO,ichiro201612@imm.edu.mx,20072849,1,A
RUIZ BLANCO VICTORIA,victoria.20030581@imm.edu.mx,20030581,1,A
SANCHEZ MENDOZA ABRAHAM,abraham.20057857@imm.edu.mx,20057857,1,A
SANTOS GARCIA ELISA VALENTINA,elisavalentina.20035895@imm.edu.mx,20035895,1,A
SAUCEDO NIEVES VALENTINA,valentina.20155768@imm.edu.mx,20155768,1,A
TENDERO HERNANDEZ DARIO,dario.20072690@imm.edu.mx,20072690,1,A
TORRES QUESNEL DIEGO DANIEL,diegodaniel.20044327@imm.edu.mx,20044327,1,A
